INSERT INTO users (id, email) VALUES (1, 'test1@email.com');
INSERT INTO users (id, email) VALUES (2, 'test2@email.com');
INSERT INTO users (id, email) VALUES (3, 'test3@email.com');
INSERT INTO users (id, email) VALUES (4, 'test4@email.com');
INSERT INTO users (id, email) VALUES (5, 'test5@email.com');

INSERT INTO employers (id, name) VALUES (1, 'Яндекс');
INSERT INTO employers (id, name) VALUES (2, 'Гугл');
INSERT INTO employers (id, name) VALUES (3, 'Баду');

INSERT INTO vacancies (id, employerId, name, description, isActive, type, salaryFrom, salaryTo, schedule, testTask, rating) VALUES (1, 1, 'DevOps Engineer', '', 'Y', 1, 0, 0, '', 0, 5);
INSERT INTO vacancies (id, employerId, name, description, isActive, type, salaryFrom, salaryTo, schedule, testTask, rating) VALUES (2, 1, 'HR manager', '', 'Y', 1, 0, 0, '', 0, 3);
INSERT INTO vacancies (id, employerId, name, description, isActive, type, salaryFrom, salaryTo, schedule, testTask, rating) VALUES (3, 2, 'QA Engineer', '', 'Y', 1, 0, 0, '', 0, 3.5);
INSERT INTO vacancies (id, employerId, name, description, isActive, type, salaryFrom, salaryTo, schedule, testTask, rating) VALUES (4, 2, 'HR manager', '', 'N', 1, 0, 0, '', 0, 4.8);
INSERT INTO vacancies (id, employerId, name, description, isActive, type, salaryFrom, salaryTo, schedule, testTask, rating) VALUES (5, 2, 'DevOps Engineer', '', 'Y', 1, 0, 0, '', 0, 3.2);
INSERT INTO vacancies (id, employerId, name, description, isActive, type, salaryFrom, salaryTo, schedule, testTask, rating) VALUES (6, 3, 'Junior PHP-developer', '', 'Y', 1, 0, 0, '', 0, 1.5);
INSERT INTO vacancies (id, employerId, name, description, isActive, type, salaryFrom, salaryTo, schedule, testTask, rating) VALUES (7, 3, 'Middle PHP-developer', '', 'N', 1, 0, 0, '', 0, 3.5);
INSERT INTO vacancies (id, employerId, name, description, isActive, type, salaryFrom, salaryTo, schedule, testTask, rating) VALUES (8, 3, 'Senior PHP-developer', '', 'Y', 2, 0, 0, '', 0, 5);
INSERT INTO vacancies (id, employerId, name, description, isActive, type, salaryFrom, salaryTo, schedule, testTask, rating) VALUES (9, 3, 'DevOps Engineer', '', 'Y', 1, 0, 0, '', 0, 4.5);

INSERT INTO tags (id, name) VALUES (1, 'PHP');
INSERT INTO tags (id, name) VALUES (2, 'Javascript');
INSERT INTO tags (id, name) VALUES (3, 'Python');
INSERT INTO tags (id, name) VALUES (4, 'Java');
INSERT INTO tags (id, name) VALUES (5, 'CSS');
INSERT INTO tags (id, name) VALUES (6, 'HTML');
INSERT INTO tags (id, name) VALUES (7, 'Laravel');
INSERT INTO tags (id, name) VALUES (8, 'Yii2');
INSERT INTO tags (id, name) VALUES (9, 'Symfony');
INSERT INTO tags (id, name) VALUES (10, 'Linux');
INSERT INTO tags (id, name) VALUES (11, 'Docker');
INSERT INTO tags (id, name) VALUES (12, 'Elasticsearch');
INSERT INTO tags (id, name) VALUES (13, 'Redis');
INSERT INTO tags (id, name) VALUES (14, 'TDD');
INSERT INTO tags (id, name) VALUES (15, 'BDD');

INSERT INTO vacancies_tags (vacancyId, tagId) VALUES (1, 10);
INSERT INTO vacancies_tags (vacancyId, tagId) VALUES (1, 11);
INSERT INTO vacancies_tags (vacancyId, tagId) VALUES (1, 12);
INSERT INTO vacancies_tags (vacancyId, tagId) VALUES (3, 14);
INSERT INTO vacancies_tags (vacancyId, tagId) VALUES (3, 15);
INSERT INTO vacancies_tags (vacancyId, tagId) VALUES (5, 10);
INSERT INTO vacancies_tags (vacancyId, tagId) VALUES (5, 13);
INSERT INTO vacancies_tags (vacancyId, tagId) VALUES (6, 1);
INSERT INTO vacancies_tags (vacancyId, tagId) VALUES (6, 5);
INSERT INTO vacancies_tags (vacancyId, tagId) VALUES (6, 6);
INSERT INTO vacancies_tags (vacancyId, tagId) VALUES (7, 1);
INSERT INTO vacancies_tags (vacancyId, tagId) VALUES (7, 7);
INSERT INTO vacancies_tags (vacancyId, tagId) VALUES (7, 11);
INSERT INTO vacancies_tags (vacancyId, tagId) VALUES (7, 12);
INSERT INTO vacancies_tags (vacancyId, tagId) VALUES (7, 13);
INSERT INTO vacancies_tags (vacancyId, tagId) VALUES (8, 1);
INSERT INTO vacancies_tags (vacancyId, tagId) VALUES (8, 2);
INSERT INTO vacancies_tags (vacancyId, tagId) VALUES (8, 7);
INSERT INTO vacancies_tags (vacancyId, tagId) VALUES (8, 10);
INSERT INTO vacancies_tags (vacancyId, tagId) VALUES (8, 11);
INSERT INTO vacancies_tags (vacancyId, tagId) VALUES (8, 12);
INSERT INTO vacancies_tags (vacancyId, tagId) VALUES (8, 13);
INSERT INTO vacancies_tags (vacancyId, tagId) VALUES (8, 15);

INSERT INTO vacancies_responses (id, userId, vacancyId, letter, salaryFrom, salaryTo, status) VALUES (1, 1, 1, '', 0, 0, 0);
INSERT INTO vacancies_responses (id, userId, vacancyId, letter, salaryFrom, salaryTo, status) VALUES (2, 2, 1, '', 0, 0, 0);
INSERT INTO vacancies_responses (id, userId, vacancyId, letter, salaryFrom, salaryTo, status) VALUES (3, 2, 2, '', 0, 0, 0);
INSERT INTO vacancies_responses (id, userId, vacancyId, letter, salaryFrom, salaryTo, status) VALUES (4, 1, 1, '', 0, 0, 0);
INSERT INTO vacancies_responses (id, userId, vacancyId, letter, salaryFrom, salaryTo, status) VALUES (5, 1, 1, '', 0, 0, 0);
INSERT INTO vacancies_responses (id, userId, vacancyId, letter, salaryFrom, salaryTo, status) VALUES (6, 2, 1, '', 0, 0, 0);
INSERT INTO vacancies_responses (id, userId, vacancyId, letter, salaryFrom, salaryTo, status) VALUES (7, 2, 3, '', 0, 0, 0);
INSERT INTO vacancies_responses (id, userId, vacancyId, letter, salaryFrom, salaryTo, status) VALUES (8, 2, 8, '', 0, 0, 0);
INSERT INTO vacancies_responses (id, userId, vacancyId, letter, salaryFrom, salaryTo, status) VALUES (9, 5, 9, '', 0, 0, 0);
INSERT INTO vacancies_responses (id, userId, vacancyId, letter, salaryFrom, salaryTo, status) VALUES (10, 3, 9, '', 0, 0, 0);
INSERT INTO vacancies_responses (id, userId, vacancyId, letter, salaryFrom, salaryTo, status) VALUES (11, 3, 8, '', 0, 0, 0);
INSERT INTO vacancies_responses (id, userId, vacancyId, letter, salaryFrom, salaryTo, status) VALUES (12, 3, 6, '', 0, 0, 0);
